{
  "eye": {
    "orientation": [
      0.03660479187965393,
      -0.9971551299095154,
      -0.05707233026623726,
      -0.032930295914411545
    ],
    "magnitude": 1,
    "position": [
      501.4014892578125,
      311.6125793457031,
      50.00668716430664
    ]
  },
  "radius": 793.2212524414062,
  "type": "PERSPECTIVE"
}